Product_Name,Product_Code,Product_Category,Unit_Price,Cost,Description
ﾊｳｽｶｵﾝｷ HK2030TCV,049825000,ﾊｳｽｶｵﾝｷ,909000,470450,型式:HK2030TCV 単位:台 歩単:1.25
ﾊｳｽｶｵﾝｷ HK2030TEV,049826000,ﾊｳｽｶｵﾝｷ,925000,481600,型式:HK2030TEV 単位:台 歩単:1.25
ﾊｳｽｶｵﾝｷ HK2030TRV,051779000,ﾊｳｽｶｵﾝｷ,1166000,595420,型式:HK2030TRV 単位:台 歩単:1.25
ﾊｳｽｶｵﾝｷ HK3030TCV,049827000,ﾊｳｽｶｵﾝｷ,1129000,490810,型式:HK3030TCV 単位:台 歩単:1.45
ﾊｳｽｶｵﾝｷ HK3030TEV,049828000,ﾊｳｽｶｵﾝｷ,1141000,509220,型式:HK3030TEV 単位:台 歩単:1.45
ﾊｳｽｶｵﾝｷ HK3030TFV,049829000,ﾊｳｽｶｵﾝｷ,1092000,503120,型式:HK3030TFV 単位:台 歩単:1.45
ﾊｳｽｶｵﾝｷ HK3030TRV,051780000,ﾊｳｽｶｵﾝｷ,1396000,610850,型式:HK3030TRV 単位:台 歩単:1.45
ﾊｳｽｶｵﾝｷ HK4030TCV,049830000,ﾊｳｽｶｵﾝｷ,1424000,593740,型式:HK4030TCV 単位:台 歩単:1.7
ﾊｳｽｶｵﾝｷ HK4030TEV,049831000,ﾊｳｽｶｵﾝｷ,1478000,620960,型式:HK4030TEV 単位:台 歩単:1.7
ﾊｳｽｶｵﾝｷ HK4030TFV,049832000,ﾊｳｽｶｵﾝｷ,1386000,603330,型式:HK4030TFV 単位:台 歩単:1.7
ﾊｳｽｶｵﾝｷ HK4030FRV,051505000,ﾊｳｽｶｵﾝｷ,1746000,752030,型式:HK4030FRV 単位:台 歩単:1.7
ﾊｳｽｶｵﾝｷ HK4030GRV,051781000,ﾊｳｽｶｵﾝｷ,1746000,720010,型式:HK4030GRV 単位:台 歩単:1.7
ﾊｳｽｶｵﾝｷ HK4030TYV,051782000,ﾊｳｽｶｵﾝｷ,1722000,762530,型式:HK4030TYV 単位:台 歩単:1.7
ﾊｳｽｶｵﾝｷ HK5030TCV,049833000,ﾊｳｽｶｵﾝｷ,1620000,701210,型式:HK5030TCV 単位:台 歩単:2
ﾊｳｽｶｵﾝｷ HK5030TEV,049834000,ﾊｳｽｶｵﾝｷ,1680000,752540,型式:HK5030TEV 単位:台 歩単:2
ﾊｳｽｶｵﾝｷ HK5030TFV,049835000,ﾊｳｽｶｵﾝｷ,1572000,668670,型式:HK5030TFV 単位:台 歩単:2
ﾊｳｽｶｵﾝｷ HK6030TCV,049836000,ﾊｳｽｶｵﾝｷ,1814000,722990,型式:HK6030TCV 単位:台 歩単:2.2
ﾊｳｽｶｵﾝｷ HK6030TEV,049837000,ﾊｳｽｶｵﾝｷ,1882000,792990,型式:HK6030TEV 単位:台 歩単:2.2
ﾊｳｽｶｵﾝｷ HK6030TFV,049838000,ﾊｳｽｶｵﾝｷ,1763000,685520,型式:HK6030TFV 単位:台 歩単:2.2
ﾊｳｽｶｵﾝｷ HK8030GCV,050747000,ﾊｳｽｶｵﾝｷ,2623000,1068730,型式:HK8030GCV 単位:台 歩単:2.8
ﾊｳｽｶｵﾝｷ HK8030GFV,050748000,ﾊｳｽｶｵﾝｷ,2572000,1024260,型式:HK8030GFV 単位:台 歩単:2.8
ﾊｳｽｶｵﾝｷ HK8030FCV,050745000,ﾊｳｽｶｵﾝｷ,2623000,1153380,型式:HK8030FCV 単位:台 歩単:2.8
ﾊｳｽｶｵﾝｷ HK8030FFV,050746000,ﾊｳｽｶｵﾝｷ,2572000,1089470,型式:HK8030FFV 単位:台 歩単:2.8
ﾊｳｽｶｵﾝｷ HK2029TCV,052771000,ﾊｳｽｶｵﾝｷ,797000,383340,型式:HK2029TCV 単位:台 歩単:1.25
ﾊｳｽｶｵﾝｷ HK2029TEV,052772000,ﾊｳｽｶｵﾝｷ,821000,393450,型式:HK2029TEV 単位:台 歩単:1.25
ﾊｳｽｶｵﾝｷ HK3029TCV,052773000,ﾊｳｽｶｵﾝｷ,982000,403820,型式:HK3029TCV 単位:台 歩単:1.45
ﾊｳｽｶｵﾝｷ HK3029TEV,052774000,ﾊｳｽｶｵﾝｷ,990000,420930,型式:HK3029TEV 単位:台 歩単:1.45
ﾊｳｽｶｵﾝｷ HK4029TCV,052775000,ﾊｳｽｶｵﾝｷ,1221000,482640,型式:HK4029TCV 単位:台 歩単:1.7
ﾊｳｽｶｵﾝｷ HK4029TEV,052776000,ﾊｳｽｶｵﾝｷ,1283000,508050,型式:HK4029TEV 単位:台 歩単:1.7
ﾊｳｽｶｵﾝｷ HK5029TCV,052777000,ﾊｳｽｶｵﾝｷ,1430000,589070,型式:HK5029TCV 単位:台 歩単:2
ﾊｳｽｶｵﾝｷ HK5029TEV,052778000,ﾊｳｽｶｵﾝｷ,1500000,641450,型式:HK5029TEV 単位:台 歩単:2
ﾊｳｽｶｵﾝｷ HK5029TFV,052779000,ﾊｳｽｶｵﾝｷ,1360000,557180,型式:HK5029TFV 単位:台 歩単:2
ﾊｳｽｶｵﾝｷ HK6029TCV,052780000,ﾊｳｽｶｵﾝｷ,1590000,612410,型式:HK6029TCV 単位:台 歩単:2.2
ﾊｳｽｶｵﾝｷ HK6029TEV,052781000,ﾊｳｽｶｵﾝｷ,1635000,679300,型式:HK6029TEV 単位:台 歩単:2.2
ﾊｳｽｶｵﾝｷ HK6029TFV,052782000,ﾊｳｽｶｵﾝｷ,1550000,574680,型式:HK6029TFV 単位:台 歩単:2.2
小型温風機 KA-125,051111000,小型温風機,331000,139730,型式:KA-125 単位:台 歩単:0.52
小型温風機 KA-205,051113000,小型温風機,400000,143600,型式:KA-205 単位:台 歩単:0.7
小型温風機 KA-325,051115000,小型温風機,492000,165270,型式:KA-325 単位:台 歩単:0.9
小型温風機 KA-325T,051117000,小型温風機,542000,176620,型式:KA-325T 単位:台 歩単:0.9
小型温風機 KA-405T,051119000,小型温風機,665000,251450,型式:KA-405T 単位:台 歩単:1
小型温風機 KA-125E,051112000,小型温風機,389000,170820,型式:KA-125E 単位:台 歩単:0.52
小型温風機 KA-205E,051114000,小型温風機,450000,176880,型式:KA-205E 単位:台 歩単:0.7
小型温風機 KA-325E,051116000,小型温風機,545000,215850,型式:KA-325E 単位:台 歩単:0.9
小型温風機 KA-325TE,051118000,小型温風機,596000,228490,型式:KA-325TE 単位:台 歩単:0.9
小型温風機 KA-405TE,051120000,小型温風機,692000,259200,型式:KA-405TE 単位:台 歩単:1
小型温風機（LPガス焚き） KA-325EL,042809000,小型温風機（LPガス焚き）,935000,373890,型式:KA-325EL 単位:台 歩単:0.9
小型温風機（13Aガス焚き） KA-325EN,042793000,小型温風機（13Aガス焚き）,935000,373630,型式:KA-325EN 単位:台 歩単:0.9
小型温風機（LPガス焚き） KA-325TEL,042812000,小型温風機（LPガス焚き）,948000,386790,型式:KA-325TEL 単位:台 歩単:0.9
小型温風機（13Aガス焚き） KA-325TEN,042810000,小型温風機（13Aガス焚き）,948000,386790,型式:KA-325TEN 単位:台 歩単:0.9
ｸﾞﾛｳｴｱ（灯油焚き） CG-254S1,051160000,ｸﾞﾛｳｴｱ（灯油焚き）,322000,159980,型式:CG-254S1 単位:台 歩単:0.5
ｸﾞﾛｳｴｱ（灯油焚き） CG-254S2,051161000,ｸﾞﾛｳｴｱ（灯油焚き）,344000,168500,型式:CG-254S2 単位:台 歩単:0.5
ｸﾞﾛｳｴｱ（灯油焚き） CG-554T2,051162000,ｸﾞﾛｳｴｱ（灯油焚き）,413000,177140,型式:CG-554T2 単位:台 歩単:0.7
ｸﾞﾛｳｴｱ（灯油焚き） CG-854T2,051163000,ｸﾞﾛｳｴｱ（灯油焚き）,537000,240490,型式:CG-854T2 単位:台 歩単:0.9
ｸﾞﾛｳｴｱ（LPガス焚き） CG-205SL,031617000,ｸﾞﾛｳｴｱ（LPガス焚き）,247000,117150,型式:CG-205SL 単位:台 歩単:
CG-205用架台セット BCK-1100,041665000,CG-205用架台セット,48600,19220,型式:BCK-1100 単位:ｾｯﾄ 歩単:
ｸﾞﾛｳｴｱ（LPガス焚き） CG-254S1G,051167000,ｸﾞﾛｳｴｱ（LPガス焚き）,501000,279060,型式:CG-254S1G 単位:台 歩単:0.5
ｸﾞﾛｳｴｱ（LPガス焚き） CG-254S2G,051168000,ｸﾞﾛｳｴｱ（LPガス焚き）,518000,288220,型式:CG-254S2G 単位:台 歩単:0.5
ｸﾞﾛｳｴｱ（LPガス焚き） CG-554TG2,051169000,ｸﾞﾛｳｴｱ（LPガス焚き）,684000,291190,型式:CG-554TG2 単位:台 歩単:0.7
ｼｮｳｵﾝﾎﾞｲﾗ SHB-310S1K,038886000,ｼｮｳｵﾝﾎﾞｲﾗ,512000,232620,型式:SHB-310S1K 単位:台 歩単:1
ｼｮｳｵﾝﾎﾞｲﾗ SHB-310TK,038884000,ｼｮｳｵﾝﾎﾞｲﾗ,515000,232880,型式:SHB-310TK 単位:台 歩単:1
ｼｮｳｵﾝﾎﾞｲﾗ SHB-310TK4,038885000,ｼｮｳｵﾝﾎﾞｲﾗ,573000,235070,型式:SHB-310TK4 単位:台 歩単:1
ﾊｳｽﾎﾞｲﾗ HB-407TGA,025357000,ﾊｳｽﾎﾞｲﾗ,944000,458400,型式:HB-407TGA 単位:台 歩単:1.15
ﾊｳｽﾎﾞｲﾗ HB-807TGA5,025124000,ﾊｳｽﾎﾞｲﾗ,1511000,619670,型式:HB-807TGA5 単位:台 歩単:1.6
ﾊｳｽﾎﾞｲﾗ HB-807TGA6,025125000,ﾊｳｽﾎﾞｲﾗ,1511000,617090,型式:HB-807TGA6 単位:台 歩単:1.6
ﾊｳｽﾎﾞｲﾗ HB-1007TA,025415000,ﾊｳｽﾎﾞｲﾗ,2145000,761850,型式:HB-1007TA 単位:台 歩単:1.7
ﾊｳｽﾎﾞｲﾗ HB-2007TA,025417000,ﾊｳｽﾎﾞｲﾗ,2735000,975890,型式:HB-2007TA 単位:台 歩単:2.75
ﾊｳｽﾎﾞｲﾗ HB-3007TA,025418000,ﾊｳｽﾎﾞｲﾗ,3278000,1208630,型式:HB-3007TA 単位:台 歩単:3.4
ﾊｳｽﾎﾞｲﾗ HB-4007TA,025421000,ﾊｳｽﾎﾞｲﾗ,3581000,1317910,型式:HB-4007TA 単位:台 歩単:4
ｼﾝｸﾛﾋｰﾀ SBM100WNU_10,052478000,ｼﾝｸﾛﾋｰﾀ,2579000,703660,型式:SBM100WNU_10 単位:台 歩単:2.3
ｼﾝｸﾛﾋｰﾀ SBM100WMU_10,052479000,ｼﾝｸﾛﾋｰﾀ,2579000,702500,型式:SBM100WMU_10 単位:台 歩単:2.3
ｼﾝｸﾛﾋｰﾀ SBM100WLU_10,052480000,ｼﾝｸﾛﾋｰﾀ,2579000,702760,型式:SBM100WLU_10 単位:台 歩単:2.3
ｼﾝｸﾛﾋｰﾀ SBM100WNUJ_2（水道直結仕様）,052481000,ｼﾝｸﾛﾋｰﾀ,2730000,728300,型式:SBM100WNUJ_2（水道直結仕様） 単位:台 歩単:2.3
ｼﾝｸﾛﾋｰﾀ SBM100WMUJ_2（水道直結仕様）,052482000,ｼﾝｸﾛﾋｰﾀ,2730000,728170,型式:SBM100WMUJ_2（水道直結仕様） 単位:台 歩単:2.3
ｼﾝｸﾛﾋｰﾀ SBM100WLUJ_2（水道直結仕様）,052483000,ｼﾝｸﾛﾋｰﾀ,2730000,732690,型式:SBM100WLUJ_2（水道直結仕様） 単位:台 歩単:2.3
ｼﾝｸﾛﾋｰﾀ SBM150WNT_8,052489000,ｼﾝｸﾛﾋｰﾀ,3494000,933310,型式:SBM150WNT_8 単位:台 歩単:3
ｼﾝｸﾛﾋｰﾀ SBM150WMT_8,052490000,ｼﾝｸﾛﾋｰﾀ,3494000,931760,型式:SBM150WMT_8 単位:台 歩単:3
ｼﾝｸﾛﾋｰﾀ SBM150WLT_8,052491000,ｼﾝｸﾛﾋｰﾀ,3494000,933310,型式:SBM150WLT_8 単位:台 歩単:3
ｼﾝｸﾛﾋｰﾀ SBM150WNTJ_2（水道直結仕様）,046046000,ｼﾝｸﾛﾋｰﾀ,3736000,985820,型式:SBM150WNTJ_2（水道直結仕様） 単位:台 歩単:3
ｼﾝｸﾛﾋｰﾀ SBM150WMTJ_3（水道直結仕様）,052492000,ｼﾝｸﾛﾋｰﾀ,3736000,994720,型式:SBM150WMTJ_3（水道直結仕様） 単位:台 歩単:3
ｼﾝｸﾛﾋｰﾀ SBM150WLTJ_3（水道直結仕様）,052493000,ｼﾝｸﾛﾋｰﾀ,3736000,994590,型式:SBM150WLTJ_3（水道直結仕様） 単位:台 歩単:3
ｼﾝｸﾛﾋｰﾀ SBM150HNT_4 13A 高温出湯,046049000,ｼﾝｸﾛﾋｰﾀ,3875000,939890,型式:SBM150HNT_4 13A 高温出湯 単位:台 歩単:3
ｼﾝｸﾛﾋｰﾀ SBM150HNT_5 13A 高温出湯,052495000,ｼﾝｸﾛﾋｰﾀ,3875000,950730,型式:SBM150HNT_5 13A 高温出湯 単位:台 歩単:3
ｼﾝｸﾛﾋｰﾀ SBM150HMT_5 12A 高温出湯,052496000,ｼﾝｸﾛﾋｰﾀ,3875000,949050,型式:SBM150HMT_5 12A 高温出湯 単位:台 歩単:3
ｼﾝｸﾛﾋｰﾀ SBM150HLT_4 LPG 高温出湯,046051000,ｼﾝｸﾛﾋｰﾀ,3875000,938600,型式:SBM150HLT_4 LPG 高温出湯 単位:台 歩単:3
ｼﾝｸﾛﾋｰﾀ SBM150HLT_5 LPG 高温出湯,052497000,ｼﾝｸﾛﾋｰﾀ,3875000,949050,型式:SBM150HLT_5 LPG 高温出湯 単位:台 歩単:3
"ｼﾝｸﾛﾋｰﾀ SBM150HNTJ_2 13A 高温,直結",052498000,ｼﾝｸﾛﾋｰﾀ,4118000,1012010,"型式:SBM150HNTJ_2 13A 高温,直結 単位:台 歩単:3"
"ｼﾝｸﾛﾋｰﾀ SBM150HMTJ_2 12A 高温,直結",052499000,ｼﾝｸﾛﾋｰﾀ,4118000,1011880,"型式:SBM150HMTJ_2 12A 高温,直結 単位:台 歩単:3"
"ｼﾝｸﾛﾋｰﾀ SBM150HLTJ_2 LPG 高温,直結",052500000,ｼﾝｸﾛﾋｰﾀ,4118000,1011880,"型式:SBM150HLTJ_2 LPG 高温,直結 単位:台 歩単:3"
ｼﾝｸﾛﾋｰﾀ SBM150UNT_2,043555000,ｼﾝｸﾛﾋｰﾀ,5177000,1401900,型式:SBM150UNT_2 単位:台 歩単:3
ｼﾝｸﾛﾋｰﾀ SBM150ULT_2,043557000,ｼﾝｸﾛﾋｰﾀ,5177000,1399060,型式:SBM150ULT_2 単位:台 歩単:3
ｼﾝｸﾛﾋｰﾀ（A重油焚き） SBB-1002HA,,ｼﾝｸﾛﾋｰﾀ（A重油焚き）,9500000,3500000,型式:SBB-1002HA 単位:台 歩単:7
旧型 ｼﾝｸﾛﾋｰﾀ(LPG焚・中圧仕様) SBB-1002HL,,旧型 ｼﾝｸﾛﾋｰﾀ(LPG焚・中圧仕様),9500000,3500000,型式:SBB-1002HL 単位:台 歩単:7
ｼﾝｸﾛﾋｰﾀ(13A焚・中圧仕様) SBB-1002HN,,ｼﾝｸﾛﾋｰﾀ(13A焚・中圧仕様),9500000,3500000,型式:SBB-1002HN 単位:台 歩単:7
ｼﾝｸﾛﾋｰﾀ（LPG焚・超高効率仕様） SBB-1005HL,,ｼﾝｸﾛﾋｰﾀ（LPG焚・超高効率仕様）,11500000,5400000,型式:SBB-1005HL 単位:台 歩単:9
ｼﾝｸﾛﾋｰﾀ(高温水仕様) SB-306MＨ□Ｈ(油焚),,ｼﾝｸﾛﾋｰﾀ(高温水仕様),5156000,1178400,型式:SB-306MＨ□Ｈ(油焚) 単位:台 歩単:
ｼﾝｸﾛﾋｰﾀ(高温水仕様) SB-406MＨ□Ｈ(油焚),,ｼﾝｸﾛﾋｰﾀ(高温水仕様),6783000,1550400,型式:SB-406MＨ□Ｈ(油焚) 単位:台 歩単:
ｼﾝｸﾛﾋｰﾀ(高温水仕様) SB-506MＨ□Ｈ(油焚),,ｼﾝｸﾛﾋｰﾀ(高温水仕様),7256000,1658400,型式:SB-506MＨ□Ｈ(油焚) 単位:台 歩単:
ｼﾝｸﾛﾋｰﾀ(高温水仕様) SB-306MＨ□Ｈ(ｶﾞｽ焚),,ｼﾝｸﾛﾋｰﾀ(高温水仕様),6794000,1552800,型式:SB-306MＨ□Ｈ(ｶﾞｽ焚) 単位:台 歩単:
ｼﾝｸﾛﾋｰﾀ(高温水仕様) SB-406MＨ□Ｈ(ｶﾞｽ焚),,ｼﾝｸﾛﾋｰﾀ(高温水仕様),9072000,2073600,型式:SB-406MＨ□Ｈ(ｶﾞｽ焚) 単位:台 歩単:
ｼﾝｸﾛﾋｰﾀ(高温水仕様) SB-506MＨ□Ｈ(ｶﾞｽ焚),,ｼﾝｸﾛﾋｰﾀ(高温水仕様),10143000,2318400,型式:SB-506MＨ□Ｈ(ｶﾞｽ焚) 単位:台 歩単:
ｼﾝｸﾛﾋｰﾀ(高温水仕様) SBR-106MH□Ｈ(油焚),,ｼﾝｸﾛﾋｰﾀ(高温水仕様),2940000,672000,型式:SBR-106MH□Ｈ(油焚) 単位:台 歩単:
ｼﾝｸﾛﾋｰﾀ(高温水仕様) SBR-136MH□Ｈ(油焚),,ｼﾝｸﾛﾋｰﾀ(高温水仕様),3108000,710400,型式:SBR-136MH□Ｈ(油焚) 単位:台 歩単:
ｼﾝｸﾛﾋｰﾀ(高温水仕様) SBR-166MH□Ｈ(油焚),,ｼﾝｸﾛﾋｰﾀ(高温水仕様),3318000,758400,型式:SBR-166MH□Ｈ(油焚) 単位:台 歩単:
ｼﾝｸﾛﾋｰﾀ(高温水仕様) SBR-206MH□Ｈ(油焚),,ｼﾝｸﾛﾋｰﾀ(高温水仕様),4274000,976800,型式:SBR-206MH□Ｈ(油焚) 単位:台 歩単:
ｼﾝｸﾛﾋｰﾀ(高温水仕様) SBR-256MH□Ｈ(油焚),,ｼﾝｸﾛﾋｰﾀ(高温水仕様),4641000,1060800,型式:SBR-256MH□Ｈ(油焚) 単位:台 歩単:
ｼﾝｸﾛﾋｰﾀ(高温水仕様) SBR-106MH□Ｈ(ｶﾞｽ焚),,ｼﾝｸﾛﾋｰﾀ(高温水仕様),3623000,828000,型式:SBR-106MH□Ｈ(ｶﾞｽ焚) 単位:台 歩単:
ｼﾝｸﾛﾋｰﾀ(高温水仕様) SBR-136MH□Ｈ(ｶﾞｽ焚),,ｼﾝｸﾛﾋｰﾀ(高温水仕様),4421000,1010400,型式:SBR-136MH□Ｈ(ｶﾞｽ焚) 単位:台 歩単:
ｼﾝｸﾛﾋｰﾀ(高温水仕様) SBR-166MH□Ｈ(ｶﾞｽ焚),,ｼﾝｸﾛﾋｰﾀ(高温水仕様),4641000,1060800,型式:SBR-166MH□Ｈ(ｶﾞｽ焚) 単位:台 歩単:
ｼﾝｸﾛﾋｰﾀ(高温水仕様) SBR-206MH□Ｈ(ｶﾞｽ焚),,ｼﾝｸﾛﾋｰﾀ(高温水仕様),5975000,1365600,型式:SBR-206MH□Ｈ(ｶﾞｽ焚) 単位:台 歩単:
ｼﾝｸﾛﾋｰﾀ(高温水仕様) SBR-256MH□Ｈ(ｶﾞｽ焚),,ｼﾝｸﾛﾋｰﾀ(高温水仕様),6269000,1432800,型式:SBR-256MH□Ｈ(ｶﾞｽ焚) 単位:台 歩単:
ｵｰﾄｶﾝ AWH-501A,041992000,ｵｰﾄｶﾝ,1000000,310890,型式:AWH-501A 単位:台 歩単:1.3
ｵｰﾄｶﾝ AWH-601A,041993000,ｵｰﾄｶﾝ,1039000,313300,型式:AWH-601A 単位:台 歩単:1.4
ｵｰﾄｶﾝ AWH-701A,041994000,ｵｰﾄｶﾝ,1116000,313300,型式:AWH-701A 単位:台 歩単:1.55
ｵｰﾄｶﾝ AWH-801A,041995000,ｵｰﾄｶﾝ,1185000,379920,型式:AWH-801A 単位:台 歩単:1.65
ｵｰﾄｶﾝ AWH-901A,041996000,ｵｰﾄｶﾝ,1242000,382330,型式:AWH-901A 単位:台 歩単:1.75
ｵｰﾄｶﾝ AWH-1001A,041997000,ｵｰﾄｶﾝ,1295000,399360,型式:AWH-1001A 単位:台 歩単:1.9
ｵｰﾄｶﾝ AWH-1201A,041998000,ｵｰﾄｶﾝ,1484000,473840,型式:AWH-1201A 単位:台 歩単:2.05
ｵｰﾄｶﾝ AWH-1501A,041999000,ｵｰﾄｶﾝ,1729000,475170,型式:AWH-1501A 単位:台 歩単:2.3
ｵｰﾄｶﾝ AWH-1801A,042000000,ｵｰﾄｶﾝ,1900000,504250,型式:AWH-1801A 単位:台 歩単:2.6
ｵｰﾄｶﾝ AWH-2001A,042001000,ｵｰﾄｶﾝ,2032000,499220,型式:AWH-2001A 単位:台 歩単:2.75
ｵｰﾄｶﾝ AWH-501SA,042002000,ｵｰﾄｶﾝ,1000000,310890,型式:AWH-501SA 単位:台 歩単:1.3
ｵｰﾄｶﾝ AWH-601SA,042003000,ｵｰﾄｶﾝ,1039000,313300,型式:AWH-601SA 単位:台 歩単:1.4
ｵｰﾄｶﾝ AWH-701SA,042004000,ｵｰﾄｶﾝ,1116000,313300,型式:AWH-701SA 単位:台 歩単:1.55
ｵｰﾄｶﾝ AWH-801SA,042005000,ｵｰﾄｶﾝ,1185000,379920,型式:AWH-801SA 単位:台 歩単:1.65
ｵｰﾄｶﾝ AWH-901SA,042006000,ｵｰﾄｶﾝ,1242000,382330,型式:AWH-901SA 単位:台 歩単:1.75
ｵｰﾄｶﾝ AWH-1001SA,042007000,ｵｰﾄｶﾝ,1295000,399360,型式:AWH-1001SA 単位:台 歩単:1.9
ｵｰﾄｶﾝ AWH-1201SA,042008000,ｵｰﾄｶﾝ,1484000,473840,型式:AWH-1201SA 単位:台 歩単:2.05
ｵｰﾄｶﾝ AWH-1501SA,042009000,ｵｰﾄｶﾝ,1729000,475170,型式:AWH-1501SA 単位:台 歩単:2.15
ｵｰﾄｶﾝ AWH-501GBL,042029000,ｵｰﾄｶﾝ,1900000,520580,型式:AWH-501GBL 単位:台 歩単:1.3
ｵｰﾄｶﾝ AWH-601GBL,042031000,ｵｰﾄｶﾝ,1974000,564960,型式:AWH-601GBL 単位:台 歩単:1.4
ｵｰﾄｶﾝ AWH-701GBL,042033000,ｵｰﾄｶﾝ,2066000,564960,型式:AWH-701GBL 単位:台 歩単:1.55
ｵｰﾄｶﾝ AWH-801GBL,042035000,ｵｰﾄｶﾝ,2188000,633350,型式:AWH-801GBL 単位:台 歩単:1.65
ｵｰﾄｶﾝ AWH-901GBL,042037000,ｵｰﾄｶﾝ,2264000,639410,型式:AWH-901GBL 単位:台 歩単:1.75
ｵｰﾄｶﾝ AWH-1001GBL,042039000,ｵｰﾄｶﾝ,2431000,638120,型式:AWH-1001GBL 単位:台 歩単:1.9
ｵｰﾄｶﾝ AWH-1201GBL,042041000,ｵｰﾄｶﾝ,2800000,757460,型式:AWH-1201GBL 単位:台 歩単:2.05
ｵｰﾄｶﾝ AWH-1501GBL,042043000,ｵｰﾄｶﾝ,3042000,752560,型式:AWH-1501GBL 単位:台 歩単:2.3
ｵｰﾄｶﾝ AWH-1801GBL,042045000,ｵｰﾄｶﾝ,3348000,760300,型式:AWH-1801GBL 単位:台 歩単:2.6
ｵｰﾄｶﾝ AWH-2001GBL,042047000,ｵｰﾄｶﾝ,3499000,756820,型式:AWH-2001GBL 単位:台 歩単:2.75
ｵｰﾄｶﾝ AWH-501GBN,042028000,ｵｰﾄｶﾝ,1900000,507680,型式:AWH-501GBN 単位:台 歩単:1.3
ｵｰﾄｶﾝ AWH-601GBN,042030000,ｵｰﾄｶﾝ,1974000,561350,型式:AWH-601GBN 単位:台 歩単:1.4
ｵｰﾄｶﾝ AWH-701GBN,042032000,ｵｰﾄｶﾝ,2066000,597350,型式:AWH-701GBN 単位:台 歩単:1.55
ｵｰﾄｶﾝ AWH-801GBN,042034000,ｵｰﾄｶﾝ,2188000,679150,型式:AWH-801GBN 単位:台 歩単:1.65
ｵｰﾄｶﾝ AWH-901GBN,042036000,ｵｰﾄｶﾝ,2264000,667280,型式:AWH-901GBN 単位:台 歩単:1.75
ｵｰﾄｶﾝ AWH-1001GBN,042038000,ｵｰﾄｶﾝ,2431000,680180,型式:AWH-1001GBN 単位:台 歩単:1.9
ｵｰﾄｶﾝ AWH-1201GBN,042040000,ｵｰﾄｶﾝ,2800000,757460,型式:AWH-1201GBN 単位:台 歩単:2.05
ｵｰﾄｶﾝ AWH-1501GBN,042042000,ｵｰﾄｶﾝ,3042000,757590,型式:AWH-1501GBN 単位:台 歩単:2.3
ｵｰﾄｶﾝ AWH-1801GBN,042044000,ｵｰﾄｶﾝ,3348000,825070,型式:AWH-1801GBN 単位:台 歩単:2.6
ｵｰﾄｶﾝ AWH-2001GBN,042046000,ｵｰﾄｶﾝ,3499000,825070,型式:AWH-2001GBN 単位:台 歩単:2.75
ｵｰﾄｶﾝ AWH- 501A,,ｵｰﾄｶﾝ,530000,212000,型式:AWH- 501A 単位:基 歩単:1.3
ｵｰﾄｶﾝ AWH- 601A,,ｵｰﾄｶﾝ,550000,220000,型式:AWH- 601A 単位:基 歩単:1.4
ｵｰﾄｶﾝ AWH- 701A,,ｵｰﾄｶﾝ,590000,236000,型式:AWH- 701A 単位:基 歩単:1.55
ｵｰﾄｶﾝ AWH- 801A,,ｵｰﾄｶﾝ,620000,248000,型式:AWH- 801A 単位:基 歩単:1.65
ｵｰﾄｶﾝ AWH- 901A,,ｵｰﾄｶﾝ,650000,260000,型式:AWH- 901A 単位:基 歩単:1.75
ｵｰﾄｶﾝ AWH-1001A,,ｵｰﾄｶﾝ,680000,272000,型式:AWH-1001A 単位:基 歩単:1.9
ｵｰﾄｶﾝ AWH-1201A,,ｵｰﾄｶﾝ,770000,308000,型式:AWH-1201A 単位:基 歩単:2.05
ｵｰﾄｶﾝ AWH-1301A,,ｵｰﾄｶﾝ,810000,324000,型式:AWH-1301A 単位:基 歩単:2.15
ｵｰﾄｶﾝ AWH-1501A,,ｵｰﾄｶﾝ,900000,360000,型式:AWH-1501A 単位:基 歩単:2.3
ｵｰﾄｶﾝ AWH-1601A,,ｵｰﾄｶﾝ,930000,372000,型式:AWH-1601A 単位:基 歩単:2.4
ｵｰﾄｶﾝ AWH-1801A,,ｵｰﾄｶﾝ,990000,396000,型式:AWH-1801A 単位:基 歩単:2.6
ｵｰﾄｶﾝ AWH-2001A,,ｵｰﾄｶﾝ,1060000,424000,型式:AWH-2001A 単位:基 歩単:2.75
ｵｰﾄｶﾝ AWP-30LP,,ｵｰﾄｶﾝ,1570000,722000,型式:AWP-30LP 単位:基 歩単:3.8
ｵｰﾄｶﾝ AWP-40LP,,ｵｰﾄｶﾝ,1710000,786000,型式:AWP-40LP 単位:基 歩単:4
ｵｰﾄｶﾝ AWH- 501G,,ｵｰﾄｶﾝ,1080000,440000,型式:AWH- 501G 単位:基 歩単:1.3
ｵｰﾄｶﾝ AWH- 601G,,ｵｰﾄｶﾝ,1130000,460000,型式:AWH- 601G 単位:基 歩単:1.4
ｵｰﾄｶﾝ AWH- 701G,,ｵｰﾄｶﾝ,1180000,480000,型式:AWH- 701G 単位:基 歩単:1.55
ｵｰﾄｶﾝ AWH- 801G,,ｵｰﾄｶﾝ,1250000,512000,型式:AWH- 801G 単位:基 歩単:1.65
ｵｰﾄｶﾝ AWH- 901G,,ｵｰﾄｶﾝ,1290000,532000,型式:AWH- 901G 単位:基 歩単:1.75
ｵｰﾄｶﾝ AWH-1001G,,ｵｰﾄｶﾝ,1390000,572000,型式:AWH-1001G 単位:基 歩単:1.9
ｵｰﾄｶﾝ AWH-1201G,,ｵｰﾄｶﾝ,1600000,640000,型式:AWH-1201G 単位:基 歩単:2.05
ｵｰﾄｶﾝ AWH-1301G,,ｵｰﾄｶﾝ,1650000,660000,型式:AWH-1301G 単位:基 歩単:2.15
ｵｰﾄｶﾝ AWH-1501G,,ｵｰﾄｶﾝ,1740000,696000,型式:AWH-1501G 単位:基 歩単:2.3
ｵｰﾄｶﾝ AWH-1601G,,ｵｰﾄｶﾝ,1780000,712000,型式:AWH-1601G 単位:基 歩単:2.4
ｵｰﾄｶﾝ AWH-1801G,,ｵｰﾄｶﾝ,1910000,800000,型式:AWH-1801G 単位:基 歩単:2.6
ｵｰﾄｶﾝ AWH-2001G,,ｵｰﾄｶﾝ,2000000,1119000,型式:AWH-2001G 単位:基 歩単:2.75
ｸﾞﾘｰﾝｿｰﾗ RHE-134E,026087000,ｸﾞﾘｰﾝｿｰﾗ,1845000,663790,型式:RHE-134E 単位:台 歩単:1.2
ｸﾞﾘｰﾝｿｰﾗ RHE-154C,026090000,ｸﾞﾘｰﾝｿｰﾗ,1915000,710880,型式:RHE-154C 単位:台 歩単:1.4
ﾀﾞｲﾚｸﾄﾌｧﾝ DFN-102TE,105332000,ﾀﾞｲﾚｸﾄﾌｧﾝ,207000,77000,型式:DFN-102TE 単位:台 歩単:0.2
ﾈﾎﾟﾝﾌｧﾝ FAN-302S1,026708000,ﾈﾎﾟﾝﾌｧﾝ,48000,21150,型式:FAN-302S1 単位:台 歩単:0.2
ﾈﾎﾟﾝﾌｧﾝ FAN-303T,049377000,ﾈﾎﾟﾝﾌｧﾝ,50000,19780,型式:FAN-303T 単位:台 歩単:0.2
ﾈﾎﾟﾝﾌｧﾝ FAN-400T,105493000,ﾈﾎﾟﾝﾌｧﾝ,55000,26720,型式:FAN-400T 単位:台 歩単:0.2
ﾈﾎﾟﾝVﾌｧﾝ NVF-350T,031741000,ﾈﾎﾟﾝVﾌｧﾝ,111000,43040,型式:NVF-350T 単位:台 歩単:
ﾀﾞｸﾄﾌｧﾝ DF-450T,017836000,ﾀﾞｸﾄﾌｧﾝ,221000,76770,型式:DF-450T 単位:台 歩単:0.5
φ300吹出口ﾌﾗﾝｼﾞｾｯﾄ BFS-DFφ300,018835000,φ300吹出口ﾌﾗﾝｼﾞｾｯﾄ,13100,3830,型式:BFS-DFφ300 単位:台 歩単:
φ400吹出口ﾌﾗﾝｼﾞｾｯﾄ BFS-DFφ400,018834000,φ400吹出口ﾌﾗﾝｼﾞｾｯﾄ,15700,3250,型式:BFS-DFφ400 単位:台 歩単:
φ400ﾌﾗﾝｼﾞ取付板ｾｯﾄ BFS-DF400S,018836000,φ400ﾌﾗﾝｼﾞ取付板ｾｯﾄ,13500,1990,型式:BFS-DF400S 単位:枚 歩単:
架台ｾｯﾄ BKD-DF,018837000,架台ｾｯﾄ,67900,19480,型式:BKD-DF 単位:ｾｯﾄ 歩単:
ﾁｬﾝﾊﾞﾎﾞｯｸｽ BCB-DF,018838000,ﾁｬﾝﾊﾞﾎﾞｯｸｽ,109200,20510,型式:BCB-DF 単位:台 歩単:
熱交換器 ST-3(1m),RB0000304,熱交換器,226000,81600,型式:ST-3(1m) 単位:基 歩単:0.5
熱交換器 ST-5(1m),RB0000305,熱交換器,291000,105600,型式:ST-5(1m) 単位:基 歩単:0.6
熱交換器 ST-8(1m),RB0000306,熱交換器,385000,139200,型式:ST-8(1m) 単位:基 歩単:0.7
熱交換器 ST-10(1m),RB0000307,熱交換器,543000,196800,型式:ST-10(1m) 単位:基 歩単:0.8
熱交換器 ST-20(1m),RB0000308,熱交換器,676000,244800,型式:ST-20(1m) 単位:基 歩単:1
熱交換器 ST-40(1m),RB0000310,熱交換器,1019000,369600,型式:ST-40(1m) 単位:基 歩単:1
熱交換器 ST-50(1m),RB0000311,熱交換器,1244000,451200,型式:ST-50(1m) 単位:基 歩単:1
熱交換器 ST-3(2m),RB0000313,熱交換器,358000,129600,型式:ST-3(2m) 単位:基 歩単:1
熱交換器 ST-5(2m),RB0000314,熱交換器,450000,163200,型式:ST-5(2m) 単位:基 歩単:1
熱交換器 ST-8(2m),RB0000315,熱交換器,623000,225600,型式:ST-8(2m) 単位:基 歩単:1.2
熱交換器 ST-10(2m),RB0000316,熱交換器,847000,307200,型式:ST-10(2m) 単位:基 歩単:1.5
熱交換器 ST-20(2m),RB0000317,熱交換器,1032000,374400,型式:ST-20(2m) 単位:基 歩単:1.75
熱交換器ｺｲﾙ BNC-150,103419000,熱交換器ｺｲﾙ,121700,33020,型式:BNC-150 単位:基 歩単:0.5
103305000,湿度ｾﾝｻｰｾｯﾄ,電材/品番,,101800,
018380000,温湿度ｾﾝｻｰｾｯﾄ,電材/品番,,56500,
144507000,室温ｾﾝｻｰｾｯﾄ,電材/品番,,18100,
043920000,ｾﾝｻｰｶﾊﾞｰ,電材/品番,,27300,
038167000,CO2ｾﾝｻｰ,電材/品番,,66800,
001614000,日射ｾﾝｻｰ,電材/品番,,26000,
011527000,雨ｾﾝｻｰ,電材/品番,,32400,
144535000,温度ｾﾝｻｰ,電材/品番,,5220,
144530000,水温･地温ｾﾝｻｰ,電材/品番,,10500,
041821000,土壌水分ｾﾝｻｰ,電材/品番,,112600,
041823000,土壌水分+温度+ECｾﾝｻｰ,電材/品番,,281100,
014146001,風速ｾﾝｻｰ,電材/品番,,303000,
014285001,風向+風速ｾﾝｻｰ,電材/品番,,461000,
024322000,変換ｺﾈｸﾀB,電材/品番,,1620,
024326000,変換ｺﾈｸﾀD,電材/品番,,1620,
024332000,変換ｺﾈｸﾀE,電材/品番,,4370,
046454000,変換ｺﾈｸﾀJ,電材/品番,,4850,
024321000,変換ｺﾈｸﾀA,電材/品番,,1620,
024324000,変換ｺﾈｸﾀC,電材/品番,,1620,
039362000,変換ｺﾈｸﾀF,電材/品番,,7280,
106351000,雨･風速・風向感知器,電材/品番,,1043000,
106348000,雨･風速感知器,電材/品番,,600000,
105991000,雨感知器,電材/品番,,100400,
001623000,風速感知器,電材/品番,,530100,
010087000,避雷器,電材/品番,,61500,
043781000,ANｱﾄﾞﾊﾞﾝｽ AN-BOX,電材/品番,,406000,
039361000,ﾓﾆﾀﾘﾝｸﾞｾﾝｻｰ,電材/品番,,134000,
049363000,AN-BOX用警報入力ﾕﾆｯﾄ,電材/品番,,57500,
RE1000123,AN-BOX登録料,電材/品番,,5000,
RE1000110,ANｱﾄﾞﾊﾞﾝｽ遠隔機器利用料,電材/品番,,2300,
RE1000113,ANｱﾄﾞﾊﾞﾝｽ遠隔機器利用料,電材/品番,,24900,
RE1000116,ANｱﾄﾞﾊﾞﾝｽ遠隔機器利用料,電材/品番,,23000,
RE1000119,ANｱﾄﾞﾊﾞﾝｽ遠隔機器利用料,電材/品番,,20700,
RE1000122,ANｱﾄﾞﾊﾞﾝｽ遠隔機器利用料,電材/品番,,18400,
RE1000109,ANｱﾄﾞﾊﾞﾝｽﾓﾆﾀﾘﾝｸﾞ機器利用料,電材/品番,,1700,
RE1000112,ANｱﾄﾞﾊﾞﾝｽﾓﾆﾀﾘﾝｸﾞ機器利用料,電材/品番,,18400,
RE1000115,ANｱﾄﾞﾊﾞﾝｽﾓﾆﾀﾘﾝｸﾞ機器利用料,電材/品番,,17000,
RE1000118,ANｱﾄﾞﾊﾞﾝｽﾓﾆﾀﾘﾝｸﾞ機器利用料,電材/品番,,15300,
RE1000121,ANｱﾄﾞﾊﾞﾝｽﾓﾆﾀﾘﾝｸﾞ機器利用料,電材/品番,,13600,
RE1000108,ANｱﾄﾞﾊﾞﾝｽ警報機器利用料,電材/品番,,1300,
RE1000111,ANｱﾄﾞﾊﾞﾝｽ警報機器利用料,電材/品番,,14100,
RE1000114,ANｱﾄﾞﾊﾞﾝｽ警報機器利用料,電材/品番,,13000,
RE1000117,ANｱﾄﾞﾊﾞﾝｽ警報機器利用料,電材/品番,,11700,
RE1000120,ANｱﾄﾞﾊﾞﾝｽ警報機器利用料,電材/品番,,10400,
0,,電材/歩単,44249000,,
76000,25860,電材/価格,0,,
168000,57280,電材/価格,0,,
96000,62060,電材/価格,0,,
155000,89490,電材/価格,0,,
22100,4590,電材/価格,,,
21000,4900,電材/価格,,,
95000,35610,電材/価格,0,,
20100,5580,電材/価格,0,,
85800,31120,電材/価格,0,,
63800,11730,電材/価格,0,,
66800,11810,電材/価格,0,,
007886000,換気窓制御盤,電材/品番,,236000,
040023000,天窓減速機,電材/品番,,151000,
040025000,天窓減速機,電材/品番,,151000,
040060000,天窓減速機,電材/品番,,151000,
029133000,天窓減速機,電材/品番,,155000,
1.5,,電材/歩単,,,
Ｅ39,ｍ,電材/型式,2860,0,
Ｅ51,ｍ,電材/型式,4010,0,
Ｅ63,ｍ,電材/型式,5510,0,
Ｅ75,ｍ,電材/型式,6510,0,
16,ｍ,電材/型式,1500,0,
22,ｍ,電材/型式,2000,0,
28,ｍ,電材/型式,2610,0,
36,ｍ,電材/型式,3140,0,
42,ｍ,電材/型式,4110,0,
54,ｍ,電材/型式,5550,0,
0.018,,電材/歩単,,,
0.017,,電材/歩単,,,
0.019,,電材/歩単,,,
0.02,,電材/歩単,,,
0.015,,電材/歩単,,,
0.025,,電材/歩単,,,
0.03,,電材/歩単,,,
0.023,,電材/歩単,,,
0.026,,電材/歩単,,,
0.034,,電材/歩単,,,
0.041,,電材/歩単,,,
0.05,,電材/歩単,,,
0.024,,電材/歩単,,,
0.035,,電材/歩単,,,
0.038,,電材/歩単,,,
0.015,59,電材/歩単,,,
0.017,91,電材/歩単,,,
0.019,116,電材/歩単,,,
0.016,38,電材/歩単,,,
0.017,47,電材/歩単,,,
0.018,53,電材/歩単,,,
0.019,84,電材/歩単,,,
0.02,117,電材/歩単,,,
0.022,73,電材/歩単,,,
0.023,90,電材/歩単,,,
0.024,121,電材/歩単,,,
0.034,320,電材/歩単,,,
0.038,550,電材/歩単,,,
0.21,,管材/歩単,,,
0.23,,管材/歩単,,,
0.29,,管材/歩単,,,
0.37,,管材/歩単,,,
0.42,,管材/歩単,,,
0.57,,管材/歩単,,,
0.69,,管材/歩単,,,
0.88,,管材/歩単,,,
1.26,,管材/歩単,,,
1.79,,管材/歩単,,,
2.37,,管材/歩単,,,
6900,5530,管材/価格,0.42,,
9590,7660,管材/価格,0.57,,
12510,10000,管材/価格,0.69,,
17780,14250,管材/価格,0.88,,
27050,21660,管材/価格,1.26,,
37980,30370,管材/価格,1.79,,
47570,38090,管材/価格,2.37,,
16770,13263.54545,管材/価格,1.27,,
22960,18435.0365,管材/価格,1.6,,
32340,26026,管材/価格,2.04,,
37930,30405.4251,管材/価格,2.31,,
52740,42133.8843,管材/価格,3.14,,
68800,55012.69841,管材/価格,3.8,,
97770,78401.7232,管材/価格,4.84,,
148770,119107.739,管材/価格,6.93,,
208870,167051.1541,管材/価格,9.85,,
261640,209499.8923,管材/価格,13.04,,
重さ,,管材/価格,,,
2.63,kg/m,管材/価格,,,
3.3,,管材/価格,,,
5.08,,管材/価格,,,
5.96,,管材/価格,,,
8.77,,管材/価格,,,
12.1,,管材/価格,,,
17.8,,管材/価格,,,
23.5,,管材/価格,,,
45,,管材/価格,,,
53.8,,管材/価格,,,
14.465,kg/本,管材/価格,,,
18.15,,管材/価格,,,
27.94,,管材/価格,,,
32.78,,管材/価格,,,
48.235,,管材/価格,,,
66.55,,管材/価格,,,
97.9,,管材/価格,,,
129.25,,管材/価格,,,
247.5,,管材/価格,,,
295.9,,管材/価格,,,
32A,m,管材/型式,4680,0.21,
40A,m,管材/型式,5180,0.23,
50A,m,管材/型式,6850,0.29,
65A,m,管材/型式,9330,0.37,
80A,m,管材/型式,10570,0.42,
100A,m,管材/型式,15130,0.57,
0.17,,管材/歩単,,,
600,390,管材/価格,0.09,,
760,490,管材/価格,0.1,,
1080,700,管材/価格,0.12,,
1460,950,管材/価格,0.15,,
1400,910,管材/価格,0.2,,
2790,1810,管材/価格,0.23,,
4110,2670,管材/価格,0.29,,
6000,3900,管材/価格,0.36,,
8370,5440,管材/価格,0.43,,
460,300,管材/価格,0.12,,
570,370,管材/価格,0.15,,
880,570,管材/価格,0.2,,
1160,760,管材/価格,0.23,,
1750,1140,管材/価格,0.29,,
2830,1840,管材/価格,0.36,,
4060,2640,管材/価格,0.43,,
6710,4360,管材/価格,0.56,,
10050,6540,管材/価格,0.69,,
14140,9190,管材/価格,0.83,,
19070,12390,管材/価格,0.96,,
25330,16470,管材/価格,1.1,,
32030,20820,管材/価格,1.24,,
40230,26150,管材/価格,1.38,,
310,200,管材/価格,0.06,,
500,330,管材/価格,0.07,,
760,500,管材/価格,0.09,,
970,630,管材/価格,0.1,,
1330,870,管材/価格,0.12,,
1770,1150,管材/価格,0.15,,
400,290,管材/価格,0.06,,
600,430,管材/価格,0.07,,
720,520,管材/価格,0.07,,
1040,750,管材/価格,0.09,,
1290,930,管材/価格,0.1,,
1880,1350,管材/価格,0.12,,
2870,2070,管材/価格,0.15,,
3920,2830,管材/価格,0.2,,
5550,4000,管材/価格,0.23,,
8610,6200,管材/価格,0.29,,
11530,8300,管材/価格,0.36,,
15800,11370,管材/価格,0.43,,
PE12-25 外径φ34  90m,巻,管材/型式,32350,8.1,
PE12-30 外径φ42  90m,巻,管材/型式,43210,9,
φ13,個,管材/型式,1260,0.08,
φ20,個,管材/型式,1820,0.09,
φ25,個,管材/型式,2380,0.12,
φ30,個,管材/型式,4560,0.14,
13S,個,管材/型式,1100,0.08,
20S,個,管材/型式,1380,0.09,
25S,個,管材/型式,1620,0.12,
30S,個,管材/型式,2060,0.14,
13L,個,管材/型式,1230,0.08,
20L,個,管材/型式,1800,0.09,
25L,個,管材/型式,1910,0.12,
30L,個,管材/型式,1950,0.14,
13A,ｍ,管材/型式,370,0.07,
16A,ｍ,管材/型式,510,0.09,
20A,ｍ,管材/型式,700,0.1,
25A,ｍ,管材/型式,850,0.11,
30A,ｍ,管材/型式,1310,0.14,
40A,ｍ,管材/型式,1740,0.18,
50A,ｍ,管材/型式,2660,0.2,
65A,ｍ,管材/型式,4260,0.27,
75A,ｍ,管材/型式,5850,0.38,
100A,ｍ,管材/型式,10360,0.39,
20A,個,管材/型式,480,0,
25A,個,管材/型式,620,0,
30A,個,管材/型式,750,0,
40A,個,管材/型式,970,0,
50A,個,管材/型式,1410,0,
65A,個,管材/型式,2530,0,
75A,個,管材/型式,4230,0,
100A,個,管材/型式,7280,0,
φ20×120ｍ,巻,管材/型式,70800,8.4,
φ25×100ｍ,巻,管材/型式,70000,9,
φ30×60ｍ,巻,管材/型式,57600,6,
0.14,,管材/歩単,,,
0.16,,管材/歩単,,,
0.18,,管材/歩単,,,
0.32,,管材/歩単,,,
0.39,,管材/歩単,,,
0.48,,管材/歩単,,,
0.65,,管材/歩単,,,
0.95,,管材/歩単,,,
1.04,,管材/歩単,,,
0.08,,管材/歩単,,,
0.09,,管材/歩単,,,
0.12,,管材/歩単,,,
16300,10600,管材/価格,0.14,,
21200,13780,管材/価格,0.16,,
34100,22170,管材/価格,0.18,,
95300,61950,管材/価格,0.18,,
125000,81250,管材/価格,0.32,,
143000,92950,管材/価格,0.39,,
191000,124150,管材/価格,0.48,,
247000,160550,管材/価格,0.57,,
336000,218400,管材/価格,0.65,,
500000,325000,管材/価格,0.95,,
730000,474500,管材/価格,1.13,,
1074000,698100,管材/価格,1.4,,
100A(ｳｴﾊ),個,管材/型式,42600,0.28,
125A(ｳｴﾊ),個,管材/型式,60600,0.34,
150A(ｳｴﾊ),個,管材/型式,66200,0.38,
200A(ｳｴﾊ),個,管材/型式,111000,0.55,
250A(ｳｴﾊ),個,管材/型式,217000,0.63,
300A(ｳｴﾊ),個,管材/型式,276000,0.77,
27600,17940,管材/価格,0.14,,
29200,18980,管材/価格,0.16,,
41100,26720,管材/価格,0.18,,
93200,60580,管材/価格,0.18,,
112000,72800,管材/価格,0.32,,
134000,87100,管材/価格,0.39,,
181000,117650,管材/価格,0.48,,
309000,200850,管材/価格,0.57,,
326000,211900,管材/価格,0.65,,
554000,360100,管材/価格,0.95,,
32A,個,管材/型式,18600,0.14,
80A,個,管材/型式,125000,0.39,
15A,個,管材/型式,9010,0.08,
15A(G-FF),個,管材/型式,3130,0.08,
20A(G-FF),個,管材/型式,3660,0.09,
25A(G-FF),個,管材/型式,4880,0.12,
1.13,,管材/歩単,,,
1.4,,管材/歩単,,,
48400,31460,管材/価格,0.14,,
61000,39650,管材/価格,0.16,,
70200,45630,管材/価格,0.18,,
29800,19370,管材/価格,0.08,,
31800,20670,管材/価格,0.09,,
44000,28600,管材/価格,0.12,,
58900,38290,管材/価格,0.14,,
76000,49400,管材/価格,0.16,,
85300,55450,管材/価格,0.18,,
136000,88400,管材/価格,0.18,,
137000,89050,管材/価格,0.32,,
139000,90350,管材/価格,0.39,,
144000,93600,管材/価格,0.48,,
219000,142350,管材/価格,0.57,,
228000,148200,管材/価格,0.65,,
283000,183950,管材/価格,0.95,,
298800,224100,管材/価格,0.83,,
307200,230400,管材/価格,0.95,,
426320,319740,管材/価格,1.04,,
493190,369890,管材/価格,1.12,,
618580,463940,管材/価格,1.21,,
891300,668480,管材/価格,1.3,,
1122220,841670,管材/価格,1.4,,
32A*300L,本,管材/型式,7300,0.16,
40A*300L,本,管材/型式,9100,0.18,
50A*300L,本,管材/型式,12400,0.22,
65A*300L,本,管材/型式,21100,0.37,
80A*300L,本,管材/型式,23900,0.44,
100A*300L,本,管材/型式,28600,0.54,
125A*300L,本,管材/型式,40700,0.57,
150A*300L,本,管材/型式,50300,0.65,
200A*300L,本,管材/型式,95100,0.95,
15A*500L,本,管材/型式,4400,0.12,
20A*500L,本,管材/型式,5800,0.12,
25A*500L,本,管材/型式,7000,0.14,
32A*500L,本,管材/型式,9000,0.16,
40A*500L,本,管材/型式,18000,0.18,
50A*500L,本,管材/型式,22700,0.22,
65A*500L,本,管材/型式,26000,0.37,
80A*500L,本,管材/型式,29600,0.44,
100A*500L,本,管材/型式,35200,0.54,
125A*500L,本,管材/型式,50500,0.57,
150A*500L,本,管材/型式,62200,0.65,
200A*500L,本,管材/型式,122300,0.95,
32A*800L,本,管材/型式,12000,0.16,
40A*800L,本,管材/型式,24700,0.18,
50A*800L,本,管材/型式,31300,0.22,
65A*800L,本,管材/型式,35900,0.37,
80A*800L,本,管材/型式,40300,0.44,
100A*800L,本,管材/型式,48100,0.54,
125A*800L,本,管材/型式,69700,0.57,
150A*800L,本,管材/型式,84900,0.65,
200A*800L,本,管材/型式,162600,0.95,
32A*125L,個,管材/型式,14000,0.16,
40A*125L,個,管材/型式,15000,0.18,
50A*125L,個,管材/型式,17000,0.22,
65A*125L,個,管材/型式,21000,0.37,
80A*125L,個,管材/型式,23000,0.44,
100A*150L,個,管材/型式,27000,0.54,
125A*175L,個,管材/型式,40000,0.57,
150A*200L,個,管材/型式,50000,0.65,
200A*200L,個,管材/型式,65000,0.95,
250A*250L,個,管材/型式,97000,1.13,
1.12,,管材/歩単,,,
1.7,,管材/歩単,,,
2.42,,管材/歩単,,,
3.61,,管材/歩単,,,
4.42,,管材/歩単,,,
4.88,,管材/歩単,,,
5.57,,管材/歩単,,,
0.22,,管材/歩単,,,
0.44,,管材/歩単,,,
159000,103350,管材/価格,2.33,,
184000,119600,管材/価格,2.63,,
217000,141050,管材/価格,2.93,,
289000,187850,管材/価格,3.29,,
409000,265850,管材/価格,3.77,,
707000,459550,管材/価格,4.12,,
192000,127680,管材/価格,1.1,,
207000,137655,管材/価格,1.14,,
231000,153615,管材/価格,1.61,,
251000,166915,管材/価格,1.8,,
272000,180880,管材/価格,2.26,,
351000,233415,管材/価格,2.72,,
453000,301245,管材/価格,3.2,,
21100,13715,管材/価格,1.08,,
23800,15470,管材/価格,1.08,,
33400,21710,管材/価格,1.08,,
89100,57915,管材/価格,1.46,,
103000,66950,管材/価格,1.46,,
28500,12540,管材/価格,0.11,,
31400,13816,管材/価格,0.11,,
40500,17820,管材/価格,0.12,,
49500,21780,管材/価格,0.15,,
64400,28336,管材/価格,0.17,,
85700,37708,管材/価格,0.22,,
82200,53430,管材/価格,0.11,,
85200,55380,管材/価格,0.11,,
94000,61100,管材/価格,0.12,,
127000,82550,管材/価格,0.15,,
129000,83850,管材/価格,0.17,,
152000,98800,管材/価格,0.22,,
194000,126100,管材/価格,0.17,,
209000,135850,管材/価格,0.18,,
305000,198250,管材/価格,0.32,,
350000,227500,管材/価格,0.39,,
485000,315250,管材/価格,0.48,,
949000,616850,管材/価格,0.57,,
1266000,822900,管材/価格,0.65,,
φ100 S形,個,管材/型式,23400,0.08,
φ100 L形,個,管材/型式,21060,0.08,
φ100 10m,個,管材/型式,17160,0.08,
φ100,個,管材/型式,17160,0.08,
15A(AF-4M),個,管材/型式,30600,0.08,
15A(AF-9H),個,管材/型式,36100,0.08,
15A(AF-10H),個,管材/型式,30000,0.08,
15A(小型),個,管材/型式,19200,0.08,
105296000,油配管ｾｯﾄ,管材/品番,,11800,
105297000,油配管ｾｯﾄ,管材/品番,,18100,
046602000,逃し管ｾｯﾄ,管材/品番,,18000,
181612000,ﾌﾚｷｼﾌﾞﾙﾎｰｽ,管材/品番,,15500,
0.3,,管材/歩単,,,
0.4,,管材/歩単,,,
0.2,,管材/歩単,,,
0.5,,管材/歩単,,,
8280,5550,管材/価格,0,,
8520,5720,管材/価格,0,,
9120,6110,管材/価格,0,,
10080,6760,管材/価格,0,,
10800,7240,管材/価格,0,,
13440,9000,管材/価格,0,,
15840,10610,管材/価格,0,,
18240,12220,管材/価格,0,,
35540,23810,管材/価格,1,,
43770,29320,管材/価格,2,,
53200,35640,管材/価格,3,,
10680,7160,管材/価格,0,,
11040,7400,管材/価格,0,,
11280,7560,管材/価格,0,,
11760,7890,管材/価格,0,,
12240,8200,管材/価格,0,,
13560,9090,管材/価格,0,,
15120,10130,管材/価格,0,,
16440,11020,管材/価格,0,,
20160,13520,管材/価格,0,,
23520,15760,管材/価格,0,,
27120,18170,管材/価格,0,,
44060,29520,管材/価格,1,,
56130,37610,管材/価格,2,,
65700,44020,管材/価格,3,,
4100,2530,管材/価格,0,,
4230,2610,管材/価格,0,,
4680,2900,管材/価格,0,,
4860,3010,管材/価格,0,,
4950,3080,管材/価格,0,,
5760,3580,管材/価格,0,,
6350,3930,管材/価格,0,,
6930,4300,管材/価格,0,,
8370,5190,管材/価格,0,,
9770,6070,管材/価格,0,,
11210,6970,管材/価格,0,,
17190,10680,管材/価格,1,,
21830,13570,管材/価格,2,,
25880,16100,管材/価格,3,,
32A,ｍ,管材/型式,4230,0,
80A,ｍ,管材/型式,6170,0,
125A,ｍ,管材/型式,10530,0,
150A,ｍ,管材/型式,12020,0,
200A,ｍ,管材/型式,17190,0,
250A,ｍ,管材/型式,21780,0,
300A,ｍ,管材/型式,26510,0,
ﾛｯｸｳｰﾙ,㎡,管材/型式,,0,
ｸﾞﾗｽﾛﾝ,㎡,管材/型式,,0,
